24, 4, 0.0560622, 0.0192482, 0.00233593, 0.429739, 1, 1, 
24, 4, 0.0571929, 0.0198337, 0.00238304, 0.431373, 2, 1, 
24, 4, 0.0610419, 0.0194881, 0.00254341, 0.374183, 3, 1, 
24, 4, 0.0577419, 0.0195061, 0.00240591, 0.429739, 4, 1, 
24, 4, 0.0553988, 0.0203498, 0.00230828, 0.436275, 5, 1, 
--PrintHelp: Print this help message.
--PrintGroups: Print the list of groups.
--PrintTypeIds: Print all TypeIds.
--PrintGroup=[group]: Print all TypeIds of group.
--PrintAttributes=[typeid]: Print all attributes of typeid.
--PrintGlobals: Print the list of globals.
User Arguments:
    --numNodes: Number of nodes
    --numRadios: Number of nodes
    --endTime: Total Simulation Time
    --seed: Simulation seed
    --packetPerSecond: Packet Per Second
24, 4, 0.0591206, 0.0199885, 0.00246336, 0.401961, 6, 1, 
24, 4, 0.05672, 0.0189972, 0.00236334, 0.421569, 7, 1, 
24, 4, 0.0592208, 0.0199709, 0.00246753, 0.390523, 8, 1, 
24, 4, 0.0598638, 0.0199561, 0.00249432, 0.392157, 9, 1, 
24, 4, 0.0560551, 0.0215486, 0.00233563, 0.426471, 10, 1, 
